project,module,commit,path_test,test_name,path_src,class_name
commons-lang,,404d67841ecba0d2a5e8055fe5650907d582ac03,/Users/grano/Desktop/dataset-icsme-20/projects/commons-lang/src/test/java/org/apache/commons/lang3/RandomStringUtilsTest.java,org.apache.commons.lang3.RandomStringUtilsTest,/Users/grano/Desktop/dataset-icsme-20/projects/commons-lang/src/main/java/org/apache/commons/lang3/RandomStringUtils.java,org.apache.commons.lang3.RandomStringUtils
commons-lang,,404d67841ecba0d2a5e8055fe5650907d582ac03,/Users/grano/Desktop/dataset-icsme-20/projects/commons-lang/src/test/java/org/apache/commons/lang3/RandomUtilsTest.java,org.apache.commons.lang3.RandomUtilsTest,/Users/grano/Desktop/dataset-icsme-20/projects/commons-lang/src/main/java/org/apache/commons/lang3/RandomUtils.java,org.apache.commons.lang3.RandomUtils
commons-lang,,404d67841ecba0d2a5e8055fe5650907d582ac03,/Users/grano/Desktop/dataset-icsme-20/projects/commons-lang/src/test/java/org/apache/commons/lang3/StringUtilsTest.java,org.apache.commons.lang3.StringUtilsTest,/Users/grano/Desktop/dataset-icsme-20/projects/commons-lang/src/main/java/org/apache/commons/lang3/StringUtils.java,org.apache.commons.lang3.StringUtils
commons-lang,,404d67841ecba0d2a5e8055fe5650907d582ac03,/Users/grano/Desktop/dataset-icsme-20/projects/commons-lang/src/test/java/org/apache/commons/lang3/ArrayUtilsTest.java,org.apache.commons.lang3.ArrayUtilsTest,/Users/grano/Desktop/dataset-icsme-20/projects/commons-lang/src/main/java/org/apache/commons/lang3/ArrayUtils.java,org.apache.commons.lang3.ArrayUtils
commons-lang,,404d67841ecba0d2a5e8055fe5650907d582ac03,/Users/grano/Desktop/dataset-icsme-20/projects/commons-lang/src/test/java/org/apache/commons/lang3/reflect/TypeLiteralTest.java,org.apache.commons.lang3.reflect.TypeLiteralTest,/Users/grano/Desktop/dataset-icsme-20/projects/commons-lang/src/main/java/org/apache/commons/lang3/reflect/TypeLiteral.java,org.apache.commons.lang3.reflect.TypeLiteral
commons-lang,,404d67841ecba0d2a5e8055fe5650907d582ac03,/Users/grano/Desktop/dataset-icsme-20/projects/commons-lang/src/test/java/org/apache/commons/lang3/math/FractionTest.java,org.apache.commons.lang3.math.FractionTest,/Users/grano/Desktop/dataset-icsme-20/projects/commons-lang/src/main/java/org/apache/commons/lang3/math/Fraction.java,org.apache.commons.lang3.math.Fraction
commons-lang,,404d67841ecba0d2a5e8055fe5650907d582ac03,/Users/grano/Desktop/dataset-icsme-20/projects/commons-lang/src/test/java/org/apache/commons/lang3/time/FastDateParserTest.java,org.apache.commons.lang3.time.FastDateParserTest,/Users/grano/Desktop/dataset-icsme-20/projects/commons-lang/src/main/java/org/apache/commons/lang3/time/FastDateParser.java,org.apache.commons.lang3.time.FastDateParser
commons-lang,,404d67841ecba0d2a5e8055fe5650907d582ac03,/Users/grano/Desktop/dataset-icsme-20/projects/commons-lang/src/test/java/org/apache/commons/lang3/concurrent/MemoizerTest.java,org.apache.commons.lang3.concurrent.MemoizerTest,/Users/grano/Desktop/dataset-icsme-20/projects/commons-lang/src/main/java/org/apache/commons/lang3/concurrent/Memoizer.java,org.apache.commons.lang3.concurrent.Memoizer
commons-lang,,404d67841ecba0d2a5e8055fe5650907d582ac03,/Users/grano/Desktop/dataset-icsme-20/projects/commons-lang/src/test/java/org/apache/commons/lang3/text/translate/NumericEntityUnescaperTest.java,org.apache.commons.lang3.text.translate.NumericEntityUnescaperTest,/Users/grano/Desktop/dataset-icsme-20/projects/commons-lang/src/main/java/org/apache/commons/lang3/text/translate/NumericEntityUnescaper.java,org.apache.commons.lang3.text.translate.NumericEntityUnescaper
commons-lang,,404d67841ecba0d2a5e8055fe5650907d582ac03,/Users/grano/Desktop/dataset-icsme-20/projects/commons-lang/src/test/java/org/apache/commons/lang3/builder/CompareToBuilderTest.java,org.apache.commons.lang3.builder.CompareToBuilderTest,/Users/grano/Desktop/dataset-icsme-20/projects/commons-lang/src/main/java/org/apache/commons/lang3/builder/CompareToBuilder.java,org.apache.commons.lang3.builder.CompareToBuilder
